<BackupInst xmlns="http://www.microsoft.com/GroupPolicy/GPOOperations/Manifest"><GPOGuid><![CDATA[{E1FE6ACB-89E3-423B-8A88-98CB63931C29}]]></GPOGuid><GPODomain><![CDATA[test.local]]></GPODomain><GPODomainGuid><![CDATA[{066d9de1-2f2e-4b3c-8bd7-70db4d37a470}]]></GPODomainGuid><GPODomainController><![CDATA[WIN-TBN3F9EVD3H.test.local]]></GPODomainController><BackupTime><![CDATA[2024-01-04T21:17:48]]></BackupTime><ID><![CDATA[{5A5FA47B-F8F6-4B0B-84DB-E46EF6C239C0}]]></ID><Comment><![CDATA[policies specific to domain controllers]]></Comment><GPODisplayName><![CDATA[Domain Controller Policies]]></GPODisplayName></BackupInst>
