<BackupInst xmlns="http://www.microsoft.com/GroupPolicy/GPOOperations/Manifest"><GPOGuid><![CDATA[{574B62B8-F26C-4268-AB4B-2BE44E3A7DD7}]]></GPOGuid><GPODomain><![CDATA[test.local]]></GPODomain><GPODomainGuid><![CDATA[{066d9de1-2f2e-4b3c-8bd7-70db4d37a470}]]></GPODomainGuid><GPODomainController><![CDATA[WIN-TBN3F9EVD3H.test.local]]></GPODomainController><BackupTime><![CDATA[2024-01-04T21:16:44]]></BackupTime><ID><![CDATA[{AFB8A9FB-461A-4432-8F89-3847DFBEA45F}]]></ID><Comment><![CDATA[settings common on all systems across the domain]]></Comment><GPODisplayName><![CDATA[Common Domain Policies]]></GPODisplayName></BackupInst>
