<BackupInst xmlns="http://www.microsoft.com/GroupPolicy/GPOOperations/Manifest"><GPOGuid><![CDATA[{06D09A2E-6854-45C9-AC1A-68845D31FE77}]]></GPOGuid><GPODomain><![CDATA[test.local]]></GPODomain><GPODomainGuid><![CDATA[{066d9de1-2f2e-4b3c-8bd7-70db4d37a470}]]></GPODomainGuid><GPODomainController><![CDATA[WIN-TBN3F9EVD3H.test.local]]></GPODomainController><BackupTime><![CDATA[2024-01-04T21:18:58]]></BackupTime><ID><![CDATA[{EBDE39CE-90F2-4119-AA69-E0E48F0FCCAA}]]></ID><Comment><![CDATA[policies specific to member servers and clients]]></Comment><GPODisplayName><![CDATA[Member Server/Client Policies]]></GPODisplayName></BackupInst>
