<BackupInst xmlns="http://www.microsoft.com/GroupPolicy/GPOOperations/Manifest"><GPOGuid><![CDATA[{B77FED26-23D1-4EE2-B678-A9A39B82A6F9}]]></GPOGuid><GPODomain><![CDATA[test.local]]></GPODomain><GPODomainGuid><![CDATA[{066d9de1-2f2e-4b3c-8bd7-70db4d37a470}]]></GPODomainGuid><GPODomainController><![CDATA[WIN-TBN3F9EVD3H.test.local]]></GPODomainController><BackupTime><![CDATA[2024-04-06T23:22:55]]></BackupTime><ID><![CDATA[{E551C230-5021-492F-98FE-EF69071DE0D1}]]></ID><Comment><![CDATA[]]></Comment><GPODisplayName><![CDATA[common-domain-policies]]></GPODisplayName></BackupInst>
