<BackupInst xmlns="http://www.microsoft.com/GroupPolicy/GPOOperations/Manifest"><GPOGuid><![CDATA[{21327278-FB17-4D1E-B0AF-F955B3EB4781}]]></GPOGuid><GPODomain><![CDATA[test.local]]></GPODomain><GPODomainGuid><![CDATA[{066d9de1-2f2e-4b3c-8bd7-70db4d37a470}]]></GPODomainGuid><GPODomainController><![CDATA[WIN-TBN3F9EVD3H.test.local]]></GPODomainController><BackupTime><![CDATA[2024-01-04T21:19:44]]></BackupTime><ID><![CDATA[{BEAA6460-782B-4351-B17D-4DC8076633C9}]]></ID><Comment><![CDATA[policies specific to microsoft defender]]></Comment><GPODisplayName><![CDATA[Defender Settings]]></GPODisplayName></BackupInst>
