<BackupInst xmlns="http://www.microsoft.com/GroupPolicy/GPOOperations/Manifest"><GPOGuid><![CDATA[{79C91124-597E-4430-9208-4295F6957F05}]]></GPOGuid><GPODomain><![CDATA[test.local]]></GPODomain><GPODomainGuid><![CDATA[{066d9de1-2f2e-4b3c-8bd7-70db4d37a470}]]></GPODomainGuid><GPODomainController><![CDATA[WIN-TBN3F9EVD3H.test.local]]></GPODomainController><BackupTime><![CDATA[2024-04-06T23:55:28]]></BackupTime><ID><![CDATA[{CE481B23-EF29-45A3-8E0F-24C18FB9F251}]]></ID><Comment><![CDATA[]]></Comment><GPODisplayName><![CDATA[common-domain-settings]]></GPODisplayName></BackupInst>
