<BackupInst xmlns="http://www.microsoft.com/GroupPolicy/GPOOperations/Manifest"><GPOGuid><![CDATA[{B59B9A00-60A6-49DE-9173-906158A2652E}]]></GPOGuid><GPODomain><![CDATA[test.local]]></GPODomain><GPODomainGuid><![CDATA[{ff161bcf-f560-46e2-9e20-5f85bafb0006}]]></GPODomainGuid><GPODomainController><![CDATA[WIN-VSQJSS90AT6.test.local]]></GPODomainController><BackupTime><![CDATA[2023-10-12T05:13:46]]></BackupTime><ID><![CDATA[{C697CBFC-C192-45CF-8873-6BD96F5A8AE1}]]></ID><Comment><![CDATA[dc ]]></Comment><GPODisplayName><![CDATA[test]]></GPODisplayName></BackupInst>
